City_ID,City,Lat,Lng,Max Temp,Humidity,Cloudiness,Wind Speed,Country,Date
0,adamstown,-25.066,-130.1015,18.28,65,78,6.22,PN,1724384168
1,qaqortoq,60.7167,-46.0333,8.01,60,96,1.86,GL,1724384244
2,laguna,38.421,-121.4238,20.69,65,0,5.66,US,1724384246
3,ushuaia,-54.8,-68.3,6.81,70,75,7.72,AR,1724383968
4,mykhaylivka,47.2724,35.2224,22.45,64,19,2.95,UA,1724384249
5,colonia,50.9333,6.95,18.31,70,0,5.14,DE,1724384027
6,waitangi,-43.9535,-176.5597,12.12,87,58,4.92,NZ,1724384251
7,port-aux-francais,-49.35,70.2167,1.09,60,100,11.09,TF,1724384252
8,tiksi,71.6872,128.8694,4.2,86,93,1.54,RU,1724384253
9,taulaga,-11.0553,-171.0883,27.21,75,51,10.36,AS,1724384255
10,yakeshi,49.2833,120.7333,25.79,44,59,1.42,CN,1724384256
11,lompoc,34.6391,-120.4579,16.23,85,0,3.6,US,1724384257
12,salina cruz,16.1667,-95.2,27.94,68,25,5.73,MX,1724384258
13,kondovo,42.0117,21.3136,17.57,52,95,1.47,MK,1724384259
14,santa elena de uairen,4.6167,-61.1333,19.95,89,97,1.24,VE,1724384260
15,invercargill,-46.4,168.35,14.45,74,100,1.34,NZ,1724384261
16,grytviken,-54.2811,-36.5092,-0.1,83,51,6.93,GS,1724384264
17,udachny,66.4167,112.4,16.85,65,100,2.99,RU,1724384265
18,carnarvon,-24.8667,113.6333,21.18,67,99,6.19,AU,1724384266
19,claudio,-20.4433,-44.7658,17.47,46,1,0.6,BR,1724384267
20,puerto natales,-51.7236,-72.4875,0.97,92,98,1.98,CL,1724384268
21,kozhevnikovo,56.2589,83.9714,20.15,65,38,2.48,RU,1724384269
22,dauphin,51.1494,-100.0502,20.08,73,0,3.6,CA,1724384270
23,tabou,4.423,-7.3528,24.01,89,100,4.03,CI,1724384271
24,east london,-33.0153,27.9116,12.52,71,0,4.63,ZA,1724384273
25,quellon,-43.1167,-73.6167,5.18,88,98,1.53,CL,1724384274
26,ancud,-41.8697,-73.8203,4.34,90,33,1.13,CL,1724384275
27,uturoa,-16.7333,-151.4333,25.24,75,41,10.1,PF,1724384276
28,thompson,55.7435,-97.8558,16.09,100,75,3.09,CA,1724384277
29,burela de cabo,43.65,-7.4,18.25,82,71,1.72,ES,1724384278
30,fale old settlement,-9.3852,-171.2468,27.48,78,64,11.02,TK,1724384279
31,badger,64.8,-147.5333,10.95,85,75,6.69,US,1724384280
32,tsiombe,-25.3,45.4833,17.59,85,27,2.07,MG,1724384282
33,albany,42.6001,-73.9662,15.8,79,5,2.39,US,1724384070
34,cabo san lucas,22.8909,-109.9124,29.17,82,0,2.68,MX,1724384140
35,cole harbour,44.6724,-63.4751,16.07,95,20,1.54,CA,1724384285
36,margaret river,-33.95,115.0667,16.41,62,78,9.29,AU,1724384286
37,blackmans bay,-43.0167,147.3167,14.29,70,100,0.89,AU,1724384287
38,zavetnoye,47.1194,43.8903,24.69,27,14,7.61,RU,1724384289
39,bethel,41.3712,-73.414,16.75,84,0,1.54,US,1724384291
40,jamestown,42.097,-79.2353,14.8,88,0,3.6,US,1724384169
41,westport,41.1415,-73.3579,17.87,80,0,1.54,US,1724384251
42,tarawa,1.419,172.984,31.05,70,20,3.6,KI,1724384295
43,edinburgh of the seven seas,-37.0676,-12.3116,11.84,72,100,13.68,SH,1724384296
44,ilulissat,69.2167,-51.1,5.01,81,100,2.57,GL,1724384053
45,nova sintra,14.8667,-24.7167,26.53,80,13,2.62,CV,1724384298
46,enewetak,11.3474,162.3373,29.04,74,11,6.84,MH,1724384301
47,busko-zdroj,50.4708,20.7188,11.69,69,33,2.16,PL,1724384302
48,okhotsk,59.3833,143.3,16.27,59,96,2.77,RU,1724384303
49,zeya,53.75,127.2667,23.14,52,10,3.56,RU,1724384304
50,tiznit,29.5833,-9.5,20.02,80,25,1.32,MA,1724384305
51,laramie,41.3114,-105.5911,18.21,63,100,1.54,US,1724384306
52,turkestan,43.3333,68.25,28.44,24,98,2.57,KZ,1724384307
53,massawa,15.6097,39.45,28.8,67,100,3.85,ER,1724384308
54,stanley,54.868,-1.6985,11.27,96,40,2.06,GB,1724384309
55,keflavik,64.0049,-22.5624,7.24,76,75,12.86,IS,1724384311
56,avarua,-21.2078,-159.775,25.03,69,40,5.66,CK,1724384312
57,kenora,49.8167,-94.4337,19.54,94,100,3.6,CA,1724384313
58,puerto baquerizo moreno,-0.9,-89.6,19.39,82,39,6.37,EC,1724384314
59,susuman,62.7833,148.1667,17.95,38,26,1.3,RU,1724384316
60,abadan,30.3392,48.3043,30.97,89,10,0.0,IR,1724384317
61,vilyuchinsk,52.9306,158.4028,18.15,74,95,0.49,RU,1724384318
62,tralee,52.2704,-9.7026,11.75,88,55,7.13,IE,1724384320
63,yekaterinovka,52.0508,44.3451,17.38,55,30,3.66,RU,1724384322
64,pangai,-19.8,-174.35,24.06,69,20,8.75,TO,1724384323
65,la concordia,13.1953,-86.1667,18.66,91,87,1.96,NI,1724384324
66,wailua homesteads,22.0669,-159.378,27.44,78,20,7.2,US,1724384325
67,baise city,23.8997,106.6133,26.2,92,100,1.18,CN,1724384326
68,hawaiian paradise park,19.5933,-154.9731,24.94,92,100,2.06,US,1724384327
69,opuwo,-18.0607,13.84,15.97,14,0,2.92,NA,1724384329
70,fort bragg,35.139,-79.006,19.9,78,0,0.45,US,1724384330
71,berdigestyakh,62.0989,126.6992,21.01,54,84,1.24,RU,1724384331
72,georgetown,5.4112,100.3354,28.97,79,20,2.57,MY,1724384317
73,bilibino,68.0546,166.4372,3.0,96,100,1.33,RU,1724384333
74,papatowai,-46.5619,169.4708,11.56,82,100,0.47,NZ,1724384334
75,northam,51.0333,-4.2167,17.01,97,100,14.42,GB,1724384335
76,west yarmouth,41.6501,-70.2411,18.31,82,0,2.06,US,1724384336
77,namibe,-15.1961,12.1522,17.54,92,0,1.79,AO,1724384338
78,paracuru,-3.41,-39.0306,25.43,70,29,7.39,BR,1724384339
79,lycksele,64.5954,18.6735,11.93,87,75,5.14,SE,1724384341
80,longyearbyen,78.2186,15.6401,8.91,87,75,2.57,SJ,1724384342
81,geraldton,-28.7667,114.6,21.23,64,0,9.77,AU,1724384343
82,dalianwan,39.0286,121.695,30.02,62,40,3.0,CN,1724384344
83,bredasdorp,-34.5322,20.0403,7.81,53,0,2.89,ZA,1724384053
84,cedeira,43.6797,-8.0209,20.54,100,97,5.73,ES,1724384347
85,besisahar,28.2313,84.3761,25.6,73,44,2.74,NP,1724384348
86,abepura,-2.6333,140.5833,32.45,58,20,3.09,ID,1724384349
87,lewistown,40.5992,-77.5714,14.67,90,0,0.0,US,1724384350
88,san pedro pochutla,15.7333,-96.4667,25.95,90,48,1.82,MX,1724384351
89,happy valley-goose bay,53.3168,-60.3315,11.17,93,20,2.57,CA,1724384352
90,katsuura,35.1333,140.3,27.97,79,56,6.38,JP,1724384353
91,lebu,-37.6167,-73.65,6.67,91,100,1.57,CL,1724384354
92,liuduzhai,27.3661,110.935,32.78,58,1,2.76,CN,1724384356
93,puerto ayora,-0.7393,-90.3518,19.75,91,41,3.13,EC,1724384357
94,cameron,26.117,-97.5169,28.98,87,0,4.12,US,1724384358
95,lasem,-6.6922,111.4527,30.22,48,100,2.15,ID,1724384359
96,klyuchi,52.2667,79.1667,23.15,41,98,4.7,RU,1724384360
97,daryapur,20.9333,77.3333,28.45,74,100,2.12,IN,1724384361
98,yingkou,40.6648,122.2283,26.86,70,3,2.1,CN,1724384362
99,kuanda,56.3161,116.0806,24.48,39,99,2.29,RU,1724384363
100,luderitz,-26.6481,15.1594,12.82,76,2,1.3,NA,1724384365
101,touros,-5.1989,-35.4608,24.75,76,99,6.52,BR,1724384366
102,punta cardon,11.6581,-70.215,28.01,84,43,10.23,VE,1724384367
103,pacifica,37.6138,-122.4869,17.55,90,75,5.66,US,1724384368
104,ciudad lazaro cardenas,17.9583,-102.2,27.14,83,69,1.89,MX,1724384369
105,tofol,5.3248,163.0078,29.2,73,6,5.94,FM,1724384370
106,talnakh,69.4865,88.3972,13.1,72,79,2.8,RU,1724384004
107,desaguadero,-16.5656,-69.0417,5.17,22,13,3.39,PE,1724384372
108,ust-nera,64.5667,143.2,20.07,37,13,2.02,RU,1724384290
109,hovd,48.0056,91.6419,21.64,27,0,1.98,MN,1724384375
110,belle fourche,44.6714,-103.8522,25.73,39,89,4.05,US,1724384376
111,rancho palos verdes,33.7445,-118.387,20.63,83,20,2.06,US,1724384377
112,la passe,45.5549,-0.8967,17.82,92,6,3.7,FR,1724384378
113,ketchikan,55.3422,-131.6461,13.26,88,100,5.14,US,1724384379
114,uzgen,40.7699,73.3007,29.59,19,2,1.68,KG,1724384380
115,parbhani,19.2667,76.7833,26.41,77,100,4.31,IN,1724384381
116,atafu village,-8.5421,-172.5159,27.59,81,75,11.09,TK,1724384382
117,boende,-0.2167,20.8667,21.91,92,61,1.3,CD,1724384383
118,yerofey pavlovich,53.9667,121.9667,25.44,32,7,1.19,RU,1724384385
119,linxia chengguanzhen,35.6003,103.2064,25.95,43,46,1.38,CN,1724384386
120,markaz-e hukumat-e darweshan,31.1323,64.1934,27.93,16,0,4.56,AF,1724384387
121,sungailiat,-1.85,106.1333,29.57,65,48,5.95,ID,1724384217
122,anna regina,7.2644,-58.5077,26.71,84,10,2.9,GY,1724384389
123,praia,14.9215,-23.5087,26.3,89,75,2.06,CV,1724384390
124,escarcega,18.6089,-90.7454,23.54,97,18,1.74,MX,1724384391
125,chonchi,-42.6128,-73.8092,3.95,97,83,0.77,CL,1724384393
126,saint-joseph,-21.3667,55.6167,20.21,61,24,1.34,RE,1724383898
127,ribeira grande,38.5167,-28.7,24.87,94,49,2.24,PT,1724384395
128,olonkinbyen,70.9221,-8.7187,5.47,97,100,9.2,SJ,1724384396
129,troitskoye,52.9821,84.6757,21.29,56,41,5.59,RU,1724384397
130,saldanha,-33.0117,17.9442,9.03,57,0,1.7,ZA,1724383939
131,dalbandin,28.8947,64.4101,31.52,10,0,1.16,PK,1724384399
132,onega,63.9061,38.1404,13.65,94,100,4.95,RU,1724384400
133,tchintabaraden,15.8969,5.7985,28.42,51,95,4.58,NE,1724384401
134,newman,37.3138,-121.0208,20.58,67,0,0.45,US,1724384403
135,nagqu,31.5,92.0,15.01,45,62,4.76,CN,1724383938
136,nahiyat al fuhud,30.9697,46.7228,35.94,30,0,5.2,IQ,1724384405
137,xinyang,32.1228,114.0656,35.49,51,0,3.11,CN,1724384193
138,merizo village,13.2658,144.6691,31.66,81,100,3.5,GU,1724384407
139,tolanaro,-25.0319,46.9987,19.04,77,20,5.14,MG,1724384408
140,las tablas,7.7667,-80.2833,25.1,99,100,1.73,PA,1724384409
141,masuguru,-11.3667,38.4167,20.15,80,10,1.05,TZ,1724384410
142,petropavlovsk-kamchatsky,53.0452,158.6483,17.33,68,75,1.0,RU,1724384411
143,tongren,27.7172,109.1853,33.46,56,15,2.78,CN,1724384413
144,sumbawanga,-7.9667,31.6167,12.89,66,0,0.0,TZ,1724384414
145,palmer,42.1584,-72.3287,15.84,84,20,0.0,US,1724384415
146,yellowknife,62.456,-114.3525,15.29,75,75,5.14,CA,1724384416
147,kodiak,57.79,-152.4072,14.73,58,0,4.12,US,1724384417
148,catonsville,39.272,-76.7319,16.93,78,0,0.0,US,1724384418
149,hermanus,-34.4187,19.2345,9.33,49,0,4.33,ZA,1724384419
150,alaghsas,17.0187,8.0168,28.43,54,42,2.48,NE,1724384420
151,coahuayana de hidalgo,18.7,-103.6583,25.57,92,100,1.68,MX,1724384421
152,razlog,41.8863,23.4671,19.16,65,81,1.59,BG,1724384423
153,warman,52.3168,-106.5679,18.94,88,20,3.09,CA,1724384424
154,labrador city,52.9463,-66.9114,11.77,75,0,4.92,CA,1724384411
155,iskateley,67.6803,53.1512,14.95,64,63,4.06,RU,1724384426
156,vadso,70.0744,29.7487,17.09,72,75,4.12,NO,1724384427
157,yigo village,13.5361,144.8886,30.97,70,75,5.14,GU,1724384428
158,pizarro,4.9533,-77.366,24.82,88,100,1.2,CO,1724384429
159,brookings,44.3114,-96.7984,21.77,84,75,5.66,US,1724384189
160,san juan,-31.5375,-68.5364,6.8,56,0,2.38,AR,1724384432
161,kerikeri,-35.2268,173.9474,14.95,91,75,3.58,NZ,1724383861
162,veraval,20.9,70.3667,28.98,79,67,4.33,IN,1724384435
163,port alfred,-33.5906,26.891,12.88,75,21,3.58,ZA,1724384436
164,conception bay south,47.4999,-52.9981,12.18,94,87,2.85,CA,1724384007
165,timbuktu,16.7735,-3.0074,31.83,51,60,3.65,ML,1724384438
166,college,64.8569,-147.8028,10.99,83,75,6.69,US,1724384439
167,muang xay,20.7,101.9833,22.17,100,100,0.5,LA,1724384440
168,west island,-12.1568,96.8225,27.99,69,6,6.17,CC,1724384442
169,jiupu,41.0667,122.95,26.64,70,2,2.67,CN,1724384443
170,aitape,-3.1374,142.3475,29.57,70,97,4.23,PG,1724384444
171,port blair,11.6667,92.75,30.02,79,40,1.03,IN,1724384445
172,port lincoln,-34.7333,135.8667,24.72,37,21,12.79,AU,1724384278
173,fisterra,42.9049,-9.2629,18.07,95,97,4.29,ES,1724384447
174,st. john's,47.5649,-52.7093,12.31,94,40,2.06,CA,1724384448
175,kavaratti,10.5669,72.642,26.39,87,61,5.58,IN,1724384449
176,olyokminsk,60.3736,120.4264,24.72,38,5,2.03,RU,1724384451
177,tura,25.5198,90.2201,24.74,95,100,0.7,IN,1724384452
178,pandan,14.0453,124.1694,31.03,66,100,0.67,PH,1724384453
179,puerto aysen,-45.4,-72.7,4.17,99,100,1.1,CL,1724384010
180,bokakhat,26.6333,93.6,27.56,85,100,1.02,IN,1724384455
181,el nido,11.1858,119.3956,26.42,89,100,3.07,PH,1724384456
182,manicore,-5.8092,-61.3003,25.25,42,7,1.14,BR,1724384457
183,kichmengskiy gorodok,59.9816,45.7854,13.58,73,4,1.26,RU,1724384458
184,prince rupert,54.3161,-130.3201,13.05,93,75,4.12,CA,1724384459
185,sitka,57.0531,-135.33,12.94,88,100,2.57,US,1724384461
186,al qaryatayn,34.2296,37.2407,21.95,75,0,1.58,SY,1724384462
187,lihue,21.9789,-159.3672,27.77,68,20,7.2,US,1724384463
188,miles city,46.4083,-105.8406,24.54,38,0,4.12,US,1724384465
189,callao,-12.0667,-77.15,15.95,88,100,6.17,PE,1724384466
190,bikenibeu village,1.3673,173.1241,30.98,70,20,3.6,KI,1724384467
191,aykhal,66.0,111.5,17.16,71,100,4.9,RU,1724384469
192,khandyga,62.6667,135.6,22.17,53,75,1.79,RU,1724384269
193,weno,7.4515,151.8468,30.97,70,75,3.6,FM,1724384471
194,sakata,38.9167,139.855,34.1,55,75,5.14,JP,1724384473
195,maragogi,-9.0122,-35.2225,23.06,83,23,4.7,BR,1724384474
196,archangelos,36.2149,28.1149,25.17,77,0,2.17,GR,1724384475
197,isafjordur,66.0755,-23.124,2.76,98,100,8.6,IS,1724384476
198,santa terezinha,-29.9002,-50.0904,16.66,89,100,1.29,BR,1724384477
199,iqaluit,63.7506,-68.5145,9.85,81,100,2.06,CA,1724384478
200,nadi,-17.8,177.4167,28.0,61,40,6.17,FJ,1724384479
201,holualoa,19.6228,-155.9522,25.91,85,75,4.12,US,1724384480
202,afaahiti,-17.75,-149.2833,23.36,70,90,9.89,PF,1724384481
203,mil'kovo,55.6078,37.7956,17.41,63,100,3.5,RU,1724384017
204,tual,-5.6667,132.75,25.65,88,81,7.01,ID,1724384484
205,cestos city,5.46,-9.5828,24.34,91,97,3.9,LR,1724384485
206,san antonio de pale,-1.4014,5.6325,23.02,84,100,5.53,GQ,1724384486
207,mlowo,-9.0,32.9833,10.05,90,0,0.59,TZ,1724384487
208,maun,-19.9833,23.4167,17.98,27,0,5.66,BW,1724384488
209,canutama,-6.5339,-64.3831,25.89,43,4,1.43,BR,1724384489
210,janesville,42.6828,-89.0187,16.19,77,0,0.0,US,1724384474
211,minas de marcona,-15.2119,-75.1103,9.63,93,95,7.67,PE,1724384492
212,bereeda,11.8704,51.0579,30.54,52,100,2.59,SO,1724384493
213,bullsbrook,-31.6667,116.0,18.63,94,40,5.66,AU,1724384494
214,port mathurin,-19.6833,63.4167,22.49,77,99,9.56,MU,1724384495
215,el calafate,-50.3408,-72.2768,1.74,63,97,1.91,AR,1724384496
216,ola,59.5833,151.2833,14.16,62,0,2.95,RU,1724384497
217,mount isa,-20.7333,139.5,32.87,16,4,5.66,AU,1724384001
218,port elizabeth,-33.918,25.5701,13.16,82,0,9.26,ZA,1724384350
219,kingston,17.997,-76.7936,28.53,79,20,3.09,JM,1724384500
220,cozumel,20.5083,-86.9458,26.64,91,71,5.12,MX,1724384502
221,pindushi,62.9152,34.58,15.79,87,75,3.54,RU,1724384503
222,augusta,48.3667,10.8833,12.82,94,67,2.57,DE,1724384417
223,sakaraha,-22.9,44.5333,14.09,97,14,1.81,MG,1724384505
224,aasiaat,68.7098,-52.8699,2.15,89,100,3.06,GL,1724384506
225,mossel bay,-34.1831,22.146,8.96,51,2,3.84,ZA,1724384508
226,chibougamau,49.9168,-74.3659,12.79,94,20,1.03,CA,1724384510
227,gadzhiyevo,69.2551,33.3362,14.97,70,52,7.14,RU,1724384511
228,nephi,39.7102,-111.8363,18.15,63,36,3.16,US,1724384512
229,huaraz,-9.5333,-77.5333,13.45,68,58,2.22,PE,1724384513
230,wanning,18.8003,110.3967,32.41,61,100,4.73,CN,1724384514
231,la'ie,21.6477,-157.9253,27.66,75,22,4.47,US,1724384515
232,siem reap,13.5,104.0,33.67,54,96,1.81,KH,1724384517
233,mount gambier,-37.8333,140.7667,13.97,80,100,6.44,AU,1724384518
234,abaetetuba,-1.7181,-48.8825,24.26,88,14,2.28,BR,1724384520
235,itoman,26.1247,127.6694,31.72,81,75,3.6,JP,1724384521
236,el fasher,13.6279,25.3494,25.19,74,100,4.29,SD,1724384522
237,portoferraio,42.8115,10.3146,23.29,83,6,4.12,IT,1724384524
238,avranches,48.6833,-1.3667,19.05,88,100,7.82,FR,1724384525
239,hanceville,34.0607,-86.7675,23.45,75,45,2.26,US,1724384526
240,srivardhan,18.0333,73.0167,27.85,85,100,6.39,IN,1724384528
241,port hedland,-20.3167,118.5667,27.03,65,20,6.17,AU,1724384529
242,hithadhoo,-0.6,73.0833,27.93,75,100,4.0,MV,1724384530
243,nar'yan-mar,67.6713,53.087,14.94,64,61,4.13,RU,1724384350
244,polyarnyy,69.1989,33.4478,14.45,69,53,7.75,RU,1724384054
245,sault ste. marie,46.5168,-84.3333,16.16,82,0,1.54,CA,1724384420
246,boguchany,58.3814,97.4531,18.62,67,92,4.29,RU,1724384534
247,broken hill,-31.95,141.4333,26.02,25,1,14.3,AU,1724384535
248,veinticinco de mayo,-35.4323,-60.1727,3.32,94,17,0.45,AR,1724384536
249,tazovsky,67.4667,78.7,10.27,85,97,2.76,RU,1724384538
250,kone,-21.0595,164.8658,26.73,46,0,2.18,NC,1724384539
251,al majaridah,19.1236,41.9111,27.89,87,100,1.22,SA,1724384540
252,torres,-29.3353,-49.7269,16.98,89,100,1.23,BR,1724384541
253,wynyard,-41.0,145.7167,14.55,74,99,0.89,AU,1724384542
254,remire-montjoly,4.9167,-52.2667,26.02,94,0,2.57,GF,1724384543
255,jijel,36.8205,5.7667,19.97,60,71,16.98,DZ,1724384544
256,adra,36.7496,-3.0206,23.92,76,0,0.9,ES,1724384545
257,tekeli,44.83,78.8239,26.61,22,27,1.59,KZ,1724384547
258,undurkhaan,47.3194,110.6556,23.18,62,45,3.56,MN,1724384548
259,taltal,-25.4,-70.4833,13.84,60,0,0.3,CL,1724384549
260,vernon,50.2581,-119.2691,22.47,49,93,1.54,CA,1724384404
261,sao joao da barra,-21.6403,-41.0511,22.69,81,5,10.94,BR,1724384551
262,minas de matahambre,22.5887,-83.9447,25.95,90,100,2.94,CU,1724384552
263,ploneour-lanvern,47.9,-4.2833,18.18,94,100,5.66,FR,1724384553
264,crane,31.3974,-102.3501,33.44,22,21,8.84,US,1724384554
265,sovetskaya gavan',48.9723,140.2878,18.1,95,100,3.64,RU,1724384555
266,constantia,44.1833,28.65,22.61,63,6,6.33,RO,1724384545
267,batang,-6.4846,110.7083,29.86,55,83,4.61,ID,1724384558
268,usogorsk,63.4106,48.6872,13.72,71,100,1.5,RU,1724384559
269,kapa'a,22.0752,-159.319,28.18,76,20,7.2,US,1724384560
270,villa del rosario,7.8339,-72.4742,28.84,54,40,2.06,CO,1724384561
271,champerico,14.3,-91.9167,25.01,88,100,2.8,GT,1724384562
272,selfoss,63.9331,-20.9971,6.69,82,100,6.68,IS,1724384563
273,qujing,25.4833,103.7833,24.13,63,55,1.89,CN,1724384564
274,batticaloa,7.7102,81.6924,28.56,73,100,1.41,LK,1724384565
275,anadyr,64.75,177.4833,12.28,71,75,5.0,RU,1724384368
276,nuuk,64.1835,-51.7216,8.34,66,100,2.57,GL,1724384568
277,bad neuenahr-ahrweiler,50.55,7.1,17.4,71,95,0.89,DE,1724384569
278,haiku-pauwela,20.9219,-156.3051,26.25,72,40,12.35,US,1724384570
279,dunedin,-45.8742,170.5036,11.56,85,100,0.45,NZ,1724384428
280,oliver,49.1831,-119.5524,23.95,43,100,1.54,CA,1724385052
281,fort st. john,56.2499,-120.8529,19.94,45,40,6.69,CA,1724385053
282,vila franca do campo,37.7167,-25.4333,24.23,90,14,2.9,PT,1724385055
283,pacific grove,36.6177,-121.9166,18.06,89,20,4.12,US,1724385056
284,manokwari,-0.8667,134.0833,26.31,84,100,4.65,ID,1724385057
285,mbengwi,6.0167,10.0,17.66,98,100,1.48,CM,1724385058
286,la mira,18.035,-102.3266,25.99,87,73,2.09,MX,1724385059
287,marakkanam,12.2,79.95,30.31,67,95,5.31,IN,1724385060
288,maicao,11.3832,-72.2432,27.42,77,100,2.15,CO,1724385061
289,codrington,-38.2667,141.9667,12.33,90,100,7.22,AU,1724385062
290,sesimbra,38.4445,-9.1015,19.81,94,5,4.79,PT,1724385065
291,semenivka,52.1783,32.5818,15.61,76,100,3.91,UA,1724385066
292,acarau,-2.8856,-40.12,25.35,73,17,8.44,BR,1724385067
293,kailua-kona,19.6406,-155.9956,27.98,83,75,4.12,US,1724385068
294,llallagua,-18.4167,-66.6333,4.57,8,0,6.59,BO,1724385069
295,margate,51.3813,1.3862,18.26,82,100,1.34,GB,1724385070
296,pendleton,45.6721,-118.7886,22.63,48,97,0.45,US,1724385071
297,nabire,-3.3667,135.4833,30.28,65,78,2.75,ID,1724385072
298,vila velha,-20.3297,-40.2925,22.97,89,20,5.66,BR,1724384775
299,kabalo,-6.05,26.9167,21.76,36,2,1.94,CD,1724385075
300,namtsy,62.7161,129.6658,16.8,77,100,1.74,RU,1724385076
301,sharypovo,55.5403,89.2008,19.44,64,0,1.51,RU,1724385078
302,oranjemund,-28.55,16.4333,12.88,78,1,2.82,NA,1724385079
303,saint-francois,46.4154,3.9054,10.69,100,0,0.0,FR,1724385080
304,wanganui,-39.9333,175.05,14.28,58,100,6.48,NZ,1724385081
305,punaauia,-17.6333,-149.6,25.8,65,75,5.36,PF,1724385083
306,jianshui,23.6363,102.8264,22.75,85,100,2.09,CN,1724385084
307,nyurba,63.2842,118.3319,23.7,49,60,2.5,RU,1724385085
308,saipan,15.1355,145.701,32.39,66,75,4.12,MP,1724385086
309,sinabang,2.4803,96.3801,24.8,90,100,3.5,ID,1724385087
310,shimoda,34.6667,138.95,28.96,80,74,5.19,JP,1724385089
311,aleg,17.0481,-13.9209,32.0,56,33,4.85,MR,1724385091
312,punta arenas,-53.15,-70.9167,5.06,87,40,8.23,CL,1724384974
313,kholmsk,47.0511,142.0569,20.5,99,100,2.9,RU,1724385093
314,san patricio,28.017,-97.5169,28.97,68,35,5.21,US,1724385094
315,vorkuta,67.5,64.0,8.5,81,100,0.37,RU,1724385095
316,glendive,47.1053,-104.7125,23.29,36,0,4.56,US,1724385096
317,pisco,-13.7,-76.2167,17.03,82,100,3.6,PE,1724385097
318,galappo,-4.2667,35.85,13.85,89,15,1.5,TZ,1724385098
319,wildwood,38.5828,-90.6629,19.19,74,59,2.0,US,1724385099
320,alice springs,-23.7,133.8833,32.75,16,2,8.23,AU,1724385101
321,kilometro 30,-10.9775,-65.8271,27.41,41,4,2.14,BO,1724385102
322,villa gesell,-37.2639,-56.973,7.57,82,100,9.75,AR,1724384998
323,emerald,-23.5333,148.1667,28.52,37,0,2.93,AU,1724385104
324,north bend,43.4065,-124.2243,16.95,77,0,2.06,US,1724385105
325,ghat,24.9647,10.1728,30.3,32,2,2.8,LY,1724385106
326,mili,6.0815,171.735,28.51,71,89,1.97,MH,1724385107
327,adi keyh,14.8444,39.3772,13.14,98,100,3.02,ER,1724385108
328,hong kong,22.2855,114.1577,33.02,68,99,4.02,HK,1724385069
329,gunnison,38.7,-107.0673,12.47,90,42,1.03,US,1724385112
330,san luis de la loma,17.2706,-100.8939,27.35,84,99,2.87,MX,1724385113
331,betio village,1.358,172.9211,31.02,70,81,4.38,KI,1724385114
332,porto novo,6.4965,2.6036,24.9,93,100,4.24,BJ,1724384834
333,antofagasta,-23.65,-70.4,12.6,61,0,4.03,CL,1724384644
334,jinchang,38.4953,102.1739,29.33,27,62,6.03,CN,1724385118
335,malkapur,20.8833,76.2,26.08,88,100,1.98,IN,1724385120
336,puerto madryn,-42.7692,-65.0385,6.42,71,15,1.5,AR,1724384548
337,mbaiki,3.8678,17.9892,20.72,97,99,0.7,CF,1724385122
338,salahonda,2.1019,-78.7217,25.56,81,36,4.2,CO,1724385123
339,ifanadiana,-21.3,47.6333,14.88,80,0,1.26,MG,1724385124
340,hasaki,35.7333,140.8333,28.02,77,25,6.92,JP,1724385125
341,barda,40.3744,47.1267,23.6,52,29,0.54,AZ,1724385126
342,tevriz,57.509,72.4042,14.47,97,100,3.32,RU,1724385127
343,bagan,54.1001,77.6646,18.1,70,89,7.02,RU,1724385129
344,jamaame,0.0697,42.745,24.91,77,81,6.04,SO,1724385130
345,sinop,41.7711,34.8709,19.83,78,1,1.54,TR,1724385131
346,tarrafal,15.2833,-23.7667,26.06,83,28,1.93,CV,1724385132
347,tromso,69.6496,18.957,13.01,82,75,0.51,NO,1724385133
348,inhambane,-23.865,35.3833,19.39,62,99,7.23,MZ,1724385134
349,cannonvale,-20.2833,148.7,21.66,66,1,6.25,AU,1724385135
350,krasnyy chikoy,50.3643,108.7512,20.43,45,100,2.15,RU,1724385136
351,dudinka,69.4058,86.1778,14.07,65,25,3.43,RU,1724385138
352,paso de los toros,-32.8167,-56.5167,8.24,89,100,4.11,UY,1724384997
353,dolisie,-4.1997,12.6739,20.39,85,90,1.91,CG,1724385140
354,conde,-7.2597,-34.9075,24.7,83,75,4.63,BR,1724385141
355,borzya,50.3833,116.5167,23.04,35,99,5.87,RU,1724385142
356,saurimo,-9.6608,20.3916,13.84,29,1,2.3,AO,1724385143
357,fort mcmurray,56.7268,-111.381,15.73,72,0,2.57,CA,1724385144
358,new norfolk,-42.7826,147.0587,14.02,64,100,3.65,AU,1724385145
359,kurchatov,51.6601,35.6521,20.65,67,50,1.68,RU,1724385148
360,magadan,59.5667,150.8,14.43,61,0,2.2,RU,1724385149
361,rongelap,11.1635,166.8941,28.63,77,97,7.04,MH,1724385150
362,gaspe,48.8334,-64.4819,16.12,100,100,0.0,CA,1724385074
363,nha trang,12.25,109.1833,32.0,52,100,3.91,VN,1724384869
364,mount pearl,47.5166,-52.7813,11.85,93,40,2.06,CA,1724385153
365,al bawiti,28.3492,28.8659,26.56,60,0,2.69,EG,1724385154
366,tunceli,39.1083,39.5471,25.77,31,0,1.34,TR,1724385157
367,tamanrasset,22.785,5.5228,28.95,24,0,8.75,DZ,1724385158
368,dryden,49.7833,-92.7503,18.16,94,100,4.12,CA,1724385159
369,cabezon de la sal,43.3089,-4.2302,17.26,84,69,2.1,ES,1724385160
370,bilozerka,46.6248,32.4425,20.84,68,28,5.8,UA,1724385161
371,las animas,-39.8087,-73.2182,5.08,100,100,0.87,CL,1724385162
372,tahe,52.3333,124.7333,23.91,42,1,3.79,CN,1724385163
373,qalat,32.1058,66.9083,26.02,8,0,0.65,AF,1724385164
374,korgan,40.8247,37.3467,19.25,92,37,0.36,TR,1724385166
375,cotonou,6.3654,2.4183,24.99,88,40,7.72,BJ,1724385168
376,campbell river,50.0163,-125.2446,19.21,68,75,1.54,CA,1724385169
377,porbandar,21.6422,69.6093,29.04,74,98,3.78,IN,1724385170
378,baharly,38.4362,57.4316,30.95,17,0,1.02,TM,1724385171
379,santiago de cuba,20.0247,-75.8219,26.06,83,20,3.09,CU,1724385172
380,rio preto da eva,-2.6994,-59.6997,24.7,43,12,0.39,BR,1724385173
381,caleta olivia,-46.4393,-67.5281,5.75,75,100,1.9,AR,1724385175
382,tukrah,32.5341,20.5791,26.64,76,8,3.96,LY,1724385176
383,bubaque,11.2833,-15.8333,26.73,83,80,7.4,GW,1724385177
384,fortuna,40.5982,-124.1573,14.64,97,0,2.57,US,1724385177
385,guerrero negro,27.9769,-114.0611,21.29,81,2,6.44,MX,1724385179
386,cianorte,-23.6633,-52.605,20.19,36,0,1.81,BR,1724385180
387,vaxjo,56.8777,14.8091,15.03,94,100,4.12,SE,1724385181
388,kilju,40.9642,129.3278,30.86,62,1,5.07,KP,1724385182
389,slave lake,55.2834,-114.769,14.99,82,0,5.14,CA,1724384597
390,rio grande,-32.035,-52.0986,11.76,88,100,6.76,BR,1724385186
391,ambert,45.55,3.75,14.54,57,8,1.19,FR,1724385187
392,pochinki,54.6988,44.8668,15.49,71,44,2.69,RU,1724385188
393,taroa,8.7058,171.2275,28.07,78,83,2.9,MH,1724385189
394,praia da vitoria,38.7333,-27.0667,25.14,83,40,3.25,PT,1724385190
395,temiskaming shores,47.4938,-79.7153,13.89,67,12,1.87,CA,1724385191
396,zapala,-38.8992,-70.0544,3.22,51,100,3.15,AR,1724385192
397,birao,10.2849,22.7882,21.0,98,100,1.38,CF,1724385194
398,angra do heroismo,38.65,-27.2167,25.34,92,40,0.45,PT,1724385195
399,campos belos,-13.0367,-46.7717,21.58,34,0,1.32,BR,1724385196
400,muravlenko,63.7898,74.523,11.13,76,98,2.76,RU,1724385197
401,hilo,19.7297,-155.09,25.06,97,100,1.54,US,1724385198
402,hinton,53.4001,-117.5857,13.41,72,59,1.14,CA,1724385199
403,obigarm,38.7173,69.7088,21.59,28,4,0.8,TJ,1724385200
404,masterton,-40.9597,175.6575,12.64,72,100,5.66,NZ,1724385201
405,turochak,52.2576,87.1224,20.87,55,1,1.7,RU,1724385202
406,princeville,45.7668,-61.2985,15.94,92,0,1.03,CA,1724385204
407,port-vila,-17.7338,168.3219,25.78,78,75,8.23,VU,1724385205
408,gillette,44.2911,-105.5022,24.51,35,0,5.66,US,1724385056
409,staunton,38.1496,-79.0717,14.05,89,0,0.0,US,1724385120
410,al fuwayliq,26.4432,43.2534,33.87,16,59,1.97,SA,1724385208
411,winnemucca,40.973,-117.7357,23.03,13,0,2.06,US,1724385209
412,linhares,-19.3911,-40.0722,19.63,97,6,1.02,BR,1724385138
413,focuri,47.35,27.2167,16.58,68,50,2.41,RO,1724385211
414,enriquillo,17.9,-71.2333,26.21,85,100,4.78,DO,1724385213
415,kidal,18.4411,1.4078,32.93,34,100,1.75,ML,1724385214
416,saquarema,-22.92,-42.5103,19.18,88,1,5.0,BR,1724385215
417,sandnessjoen,66.0217,12.6316,12.06,87,75,5.66,NO,1724385216
418,kalavad,22.2167,70.3833,29.43,69,79,3.66,IN,1724385217
419,lobujya,27.95,86.8167,4.34,88,99,2.22,NP,1724385218
420,loreto,22.2667,-101.9667,17.67,63,29,9.06,MX,1724385219
421,kristiansund,63.1115,7.732,12.36,94,75,2.06,NO,1724385220
422,coquimbo,-29.9533,-71.3436,8.85,75,20,2.57,CL,1724385090
423,plavsk,53.7094,37.2919,19.1,79,75,3.11,RU,1724385223
424,kawm umbu,24.4767,32.9463,31.76,24,5,4.82,EG,1724385224
425,biltine,14.5333,20.9167,24.23,82,42,2.62,TD,1724385225
426,qarazhal,48.0078,70.7903,21.93,30,0,5.51,KZ,1724385226
427,serowe,-22.3833,26.7167,12.42,75,100,8.34,BW,1724385227
428,simpang,-1.2667,104.0833,30.62,62,91,1.98,ID,1724385228
429,gebeit,21.0667,36.3167,27.91,52,78,4.48,SD,1724385229
430,verkhovyna,48.1557,24.7911,10.14,87,67,1.12,UA,1724385230
431,whitehorse,60.7161,-135.0538,9.06,97,100,3.09,CA,1724385232
432,kasongo,-4.45,26.6667,21.96,51,36,0.45,CD,1724385233
433,faya-largeau,17.9257,19.1043,31.52,54,71,3.85,TD,1724385234
434,kapuskasing,49.4169,-82.4331,18.05,94,40,2.57,CA,1724384942
435,sao vicente,-23.9631,-46.3919,23.61,43,0,2.97,BR,1724385236
436,soata,6.3337,-72.6828,9.3,86,86,2.0,CO,1724385237
437,aral,40.5156,81.2636,23.17,52,100,0.96,CN,1724385238
438,ankazoabo,-22.2833,44.5167,15.96,86,4,5.82,MG,1724385239
439,olavarria,-36.8927,-60.3225,1.79,94,53,2.98,AR,1724385240
440,i-n-salah,27.1935,2.4607,32.88,17,0,7.38,DZ,1724385242
441,junin,-34.5838,-60.9433,2.8,89,0,2.97,AR,1724385243
442,tazacorte,28.629,-17.9293,22.54,73,100,6.69,ES,1724385244
443,quang ngai,15.1167,108.8,37.73,38,100,2.68,VN,1724385246
444,deqen,29.9618,90.7188,15.76,52,72,2.67,CN,1724385247
445,castillos,-34.1667,-53.8333,8.81,88,100,5.7,UY,1724385250
446,majene,-3.5403,118.9707,30.18,55,72,5.22,ID,1724385252
447,lhasa,29.65,91.1,19.29,47,42,2.8,CN,1724385067
448,sydney,-33.8679,151.2073,23.02,45,0,3.09,AU,1724385098
449,amga,60.8953,131.9608,22.84,48,85,1.12,RU,1724385255
450,port douglas,-16.4833,145.4667,24.26,79,100,4.4,AU,1724385256
451,kolwezi,-10.7148,25.4667,12.59,40,0,2.77,CD,1724385257
452,luganville,-15.5333,167.1667,26.09,72,100,6.19,VU,1724385259
453,par naogaon,24.8029,88.9508,26.57,89,100,5.23,BD,1724385260
454,takoradi,4.8845,-1.7554,23.41,92,97,4.16,GH,1724385021
455,kendari,-3.945,122.4989,27.5,78,91,1.84,ID,1724385263
456,puerto deseado,-47.7503,-65.8938,4.07,68,93,3.52,AR,1724385264
457,megion,61.0296,76.1136,18.01,59,38,2.68,RU,1724385265
458,asau,46.4333,26.4,14.56,73,49,1.29,RO,1724385266
459,kolonia town,6.964,158.206,32.0,70,75,2.57,FM,1724385268
460,yeysk,46.6989,38.2792,24.14,56,4,3.24,RU,1724385269
461,taro,-8.3862,115.28,27.84,53,78,2.17,ID,1724385270
462,guarapari,-20.6667,-40.4975,20.32,86,5,5.28,BR,1724385271
463,bedele,8.456,36.353,10.87,95,93,0.62,ET,1724385272
464,stuttgart,48.7823,9.177,12.81,91,0,0.0,DE,1724385099
465,ribas do rio pardo,-20.4431,-53.7592,23.74,28,2,2.08,BR,1724385274
466,richmond,37.5538,-77.4603,17.38,87,0,0.0,US,1724385275
467,dabou,5.3256,-4.3769,23.34,92,99,4.63,CI,1724385276
468,timimoun,29.2639,0.231,33.21,21,0,7.2,DZ,1724385278
469,tieli,46.95,128.05,23.51,66,0,5.0,CN,1724385279
470,extrema,-22.8547,-46.3183,16.68,44,0,2.4,BR,1724385281
471,rudsar,37.1376,50.288,27.66,68,50,1.4,IR,1724385282
472,caleta de carquin,-11.0925,-77.6267,16.24,90,94,4.19,PE,1724385283
473,nguruka,-5.1092,31.0419,21.99,39,79,2.41,TZ,1724385284
474,sao raimundo nonato,-9.0153,-42.6994,23.96,53,0,3.08,BR,1724385285
475,dalandzadgad,43.5708,104.425,26.51,24,5,4.48,MN,1724385287
476,queenstown,-31.8976,26.8753,2.23,85,10,1.37,ZA,1724385019
477,beau vallon,-20.4189,57.6953,19.13,94,40,0.51,MU,1724385289
478,mao,39.8885,4.2658,24.31,88,20,2.06,ES,1724385290
479,mawu,34.4307,104.9176,22.64,69,72,2.64,CN,1724385291
480,melfort,52.8667,-104.6177,16.07,72,10,1.54,CA,1724385292
481,birjand,32.8663,59.2211,19.26,20,0,2.06,IR,1724385293
482,ilhabela,-23.7781,-45.3581,22.28,52,0,2.06,BR,1724385294
483,khorixas,-20.3667,14.9667,18.28,14,0,2.93,NA,1724385296
484,al jubayl,27.0112,49.6583,33.15,64,0,1.62,SA,1724385297
485,la paz,-16.5,-68.15,9.76,32,89,1.79,BO,1724384839
486,anzio,41.4853,12.6179,25.8,85,0,2.42,IT,1724385300
487,mar del plata,-38.0023,-57.5575,7.83,92,100,5.36,AR,1724384627
488,znamenskoye,57.1281,73.8282,15.08,95,100,3.01,RU,1724385302
489,aginskoye,51.1,114.53,21.1,38,100,4.72,RU,1724385303
490,betul,21.9153,77.8961,26.26,79,99,3.13,IN,1724385305
491,kavarna,43.4333,28.3333,21.99,72,7,4.88,BG,1724385306
492,grand falls-windsor,48.9332,-55.6649,12.86,92,45,2.45,CA,1724385307
493,hami,42.8,93.45,33.95,12,2,1.59,CN,1724385308
494,yeppoon,-23.1333,150.7333,22.53,62,0,2.98,AU,1724385309
495,thurso,58.5927,-3.5259,11.14,78,84,1.84,GB,1724385310
496,natal,-5.795,-35.2094,23.36,94,40,5.66,BR,1724385308
497,vorgashor,67.5833,63.95,8.39,80,100,0.6,RU,1724385312
498,grootfontein,-19.5667,18.1167,5.76,31,0,0.51,NA,1724385313
499,qamdo,31.1667,97.2333,17.23,44,20,2.47,CN,1724385315
500,bardai,11.65,7.2333,20.86,93,100,2.83,NG,1724385316
501,machico,32.7,-16.7667,22.35,68,20,6.17,PT,1724385317
502,selkirk,50.1436,-96.8845,16.77,95,2,3.35,CA,1724385319
503,walvis bay,-22.9575,14.5053,12.58,92,0,3.23,NA,1724385320
504,sofifi,0.7349,127.576,28.57,76,99,3.11,ID,1724385321
505,almodovar del campo,38.7094,-4.1791,21.74,27,0,1.33,ES,1724385322
506,urangan,-25.3,152.9,20.48,71,0,2.55,AU,1724385324
507,pakuranga,-36.8833,174.9167,17.4,67,20,6.69,NZ,1724385325
508,daru,-9.0763,143.2092,26.57,87,96,8.18,PG,1724385326
509,wabag,-5.4781,143.7021,17.88,92,100,0.69,PG,1724385327
510,hadibu,12.65,54.0333,26.13,79,99,6.76,YE,1724385328
511,al ain city,24.1917,55.7606,30.79,58,0,4.12,AE,1724385176
512,dhidhdhoo,6.8833,73.1,27.46,78,99,3.08,MV,1724385330
513,essaouira,31.5125,-9.77,19.72,82,0,4.12,MA,1724385331
514,whakatane,-37.9585,176.9854,15.28,86,100,1.34,NZ,1724385333
515,nemuro,43.3236,145.575,20.32,94,100,11.39,JP,1724385334
516,belmonte,-15.8631,-38.8828,22.29,88,25,3.18,BR,1724385335
517,kill devil hills,36.0307,-75.676,22.77,58,0,3.09,US,1724385336
518,kavieng,-2.5744,150.7967,28.15,79,94,6.06,PG,1724385337
519,coaldale,49.7167,-112.6185,17.34,59,20,4.12,CA,1724385338
520,obo,5.3998,26.4869,19.68,95,100,1.2,CF,1724385339
521,jos,9.9167,8.9,17.7,97,100,0.98,NG,1724385226
522,bandarbeyla,9.4942,50.8122,27.97,61,100,9.61,SO,1724385342
523,pachino,36.7186,15.0907,26.17,71,5,1.43,IT,1724385343
524,dieppe,49.75,1.1667,17.79,89,98,1.34,FR,1724385344
525,pathein,16.7833,94.7333,28.94,77,100,2.87,MM,1724385345
526,sodankyla,67.4167,26.6,14.48,89,71,4.01,FI,1724385346
527,santiago de cao,-7.9589,-79.2392,16.07,94,100,4.12,PE,1724385347
528,altai,46.3722,96.2583,18.31,27,58,0.86,MN,1724385348
529,padre bernardo,-15.35,-48.5,20.45,32,0,0.8,BR,1724385349
530,nuevitas,21.5453,-77.2644,27.54,84,32,5.34,CU,1724385350
531,saratoga springs,43.0831,-73.7846,15.76,91,24,1.75,US,1724385130
532,ventspils,57.3894,21.5606,14.96,100,75,3.09,LV,1724385353
533,udangudi,8.4333,78.0167,28.82,67,100,5.64,IN,1724385354
534,leava,-14.3,-178.1667,26.13,80,19,9.89,WF,1724385355
535,san juan de miraflores,-12.1629,-76.9635,15.09,89,100,2.15,PE,1724385356
536,asmar,35.0333,71.3581,23.56,39,7,1.23,AF,1724385357
537,juneau,58.3019,-134.4197,10.23,97,100,4.63,US,1724385105
538,swift current,50.2834,-107.8014,19.45,48,0,2.06,CA,1724385334
539,kuhmo,64.1333,29.5167,15.74,98,100,2.14,FI,1724385362
540,wainwright,52.839,-110.8572,13.94,77,25,3.32,CA,1724385364
541,lazaro cardenas,17.9583,-102.2,27.14,83,69,1.89,MX,1724385365
542,alofi,-19.0595,-169.9187,21.94,94,75,3.6,NU,1724385366
543,khovd,48.0056,91.6419,21.64,27,0,1.98,MN,1724385367
544,bowling green,36.9903,-86.4436,21.19,68,0,1.54,US,1724385092
545,reggane,26.7158,0.1714,35.6,17,0,9.87,DZ,1724385370
546,nogliki,51.8333,143.1667,15.57,82,100,3.16,RU,1724385371
547,scarborough,54.2797,-0.4044,13.14,92,100,4.02,GB,1724385344
548,clarence town,-32.5833,151.7833,19.95,43,100,0.52,AU,1724385373
549,angaur state,6.906,134.13,29.19,74,80,4.42,PW,1724385374
550,labuan,5.2767,115.2417,29.2,74,20,1.03,MY,1724385375
551,watsa,3.0372,29.5355,16.1,98,85,0.82,CD,1724385376
552,comodoro rivadavia,-45.8667,-67.5,4.92,81,0,1.54,AR,1724385205
553,ca mau,9.1769,105.15,32.88,59,100,1.42,VN,1724385379
554,kismayo,-0.3582,42.5454,25.1,79,50,7.37,SO,1724385380
555,lupane,-18.9315,27.807,12.52,79,0,4.94,ZW,1724385381
556,nelson bay,-32.7167,152.15,19.5,59,100,0.89,AU,1724385382
557,laojunmiao,39.8333,97.7333,24.76,28,9,5.63,CN,1724385710
558,shahrak,34.1074,64.3052,17.89,27,0,1.74,AF,1724385712
559,okha,53.5739,142.9478,13.24,94,100,6.43,RU,1724385713
560,torghay,49.6339,63.4981,17.88,64,31,8.1,KZ,1724385714
561,santa cruz,-17.8,-63.1667,18.7,68,75,8.23,BO,1724385283
562,kralendijk,12.15,-68.2667,28.46,84,100,8.66,BQ,1724385716
563,katsuren-haebaru,26.3369,127.8719,31.72,80,40,3.6,JP,1724385717
564,djambala,-2.5447,14.7533,21.53,75,100,3.81,CG,1724385718
565,zambezi,-13.5432,23.1047,13.18,31,3,3.54,ZM,1724385719
566,shingu,33.7333,135.9833,30.76,74,76,4.46,JP,1724385720
567,kitimat,54.0524,-128.6534,20.38,71,100,2.24,CA,1724385722
568,kuraymah,18.55,31.85,29.15,57,91,7.35,SD,1724385723
569,egilsstadir,65.2653,-14.3948,6.95,76,75,5.66,IS,1724385724
570,lesosibirsk,58.2358,92.4828,15.47,91,100,2.57,RU,1724385491
571,papao,-17.75,-149.55,25.82,69,73,10.9,PF,1724385726
572,lorengau,-2.0226,147.2712,25.84,91,100,5.09,PG,1724385727
573,cruzeiro do sul,-29.5128,-51.9853,16.95,89,100,1.74,BR,1724385636
574,taoudenni,22.6783,-3.9836,35.36,30,25,6.69,ML,1724385729
575,toliara,-23.35,43.6667,18.99,80,3,3.55,MG,1724385730
576,muhos,64.808,25.9931,15.53,94,72,2.55,FI,1724385732
577,junin de los andes,-39.9504,-71.0694,0.58,83,100,2.53,AR,1724385733
578,kalaleh,37.3807,55.4916,24.78,47,0,0.0,IR,1724385734
579,flying fish cove,-10.4217,105.6791,26.82,78,100,5.66,CX,1724385735
580,dededo village,13.5178,144.8391,31.25,70,100,4.02,GU,1724385736
581,barranca,-10.75,-77.7667,16.24,86,96,3.3,PE,1724385737
